tag-name,handshake-X25519,handshake-X25519-stderr,handshake-SECP256R1,handshake-SECP256R1-stderr,memory,memory-stderr
v1.3,3932960.17,5320.449155976781,4349595.37,2588.942972748707,114694.05972984774,34.07434737407466
v1.3,3932960.17,5320.449155976781,4349595.37,2588.942972748707,114694.05972984774,34.07434737407466
v1.3,3932960.17,5320.449155976781,4349595.37,2588.942972748707,114694.05972984774,34.07434737407466
v1.3,3932960.17,5320.449155976781,4349595.37,2588.942972748707,114694.05972984774,34.07434737407466
v1.3,3932960.17,5320.449155976781,4349595.37,2588.942972748707,114694.05972984774,34.07434737407466
v1.3,3932960.17,5320.449155976781,4349595.37,2588.942972748707,114694.05972984774,34.07434737407466
v1.3,3932960.17,5320.449155976781,4349595.37,2588.942972748707,114694.05972984774,34.07434737407466
v1.3.46,3868768.38,22562.37846695748,4286639.81,3191.1453073997513
v1.3.46,3862526.77,11651.932761289716,4295252.32,25777.371279393945
