tag-name,handshake-X25519,handshake-X25519-stderr,handshake-SECP256R1,handshake-SECP256R1-stderr,memory,memory-stderr
v1.3,3932960.17,5320.449155976781,4349595.37,2588.942972748707,114694.05972984774,34.07434737407466
v1.3,3932960.17,5320.449155976781,4349595.37,2588.942972748707,114694.05972984774,34.07434737407466
v1.3,3932960.17,5320.449155976781,4349595.37,2588.942972748707,114694.05972984774,34.07434737407466
v1.3,3932960.17,5320.449155976781,4349595.37,2588.942972748707,114694.05972984774,34.07434737407466
v1.3,3932960.17,5320.449155976781,4349595.37,2588.942972748707,114694.05972984774,34.07434737407466
v1.3,3932960.17,5320.449155976781,4349595.37,2588.942972748707,114694.05972984774,34.07434737407466
